EMPLID,Emp_Name,COMPANY,Comp_Name,Vertical,SubVertical,POSITION,Prefix,FIRST_NAME,MIDDLE_NAME,LAST_NAME,PAYROLL_STATUS,BUSINESS_UNIT,BU_Descr,DEPTID,Department,CostCenterID,FUNCTION,SUB_FUNCTION,BUSINESS,PAYGROUP,PAYGROUP_DESCR,LOCATION_STATE,LOCATION,LOCATION_DESCR,SEX,BIRTHDATE,QUALIFICATION,Prev_Exp,Jub_Exp,Tot_Exp,TERM_DATE,HIRE_DATE,Designation,JOBCODE,GRADE,Supervisor_PositionID,SUPERVISOR_ID,SUPERVISOR_NAME,Sup_EMAIL_ADDR,L2_SUPERVISOR_ID,L2_SUPRVISOR_NAME,L2_POSITION_NBR,L2_EMAIL,Previous_EMPLOYER,BLOOD_TYPE,MAR_STATUS,MARRIAGE_DATE,PAN,EmpBUSSINESS_EMAILID,EmpPersonal_EMAILID,BUS_PHONE,HOME_PHONE,EMERG_CNTCT,ADDRESS,FATHER_NAME
16001234,AMAN singh,C10,Jubilant Industries Limited,JIL,Industries,80004699,Mr,FISRT NAME,MIDDLE NAME,LAST NAME,Active,825,825-CPD Adhesive - Trading,I75,I75 - CPD-FA-HO(CMN),DM0400,Accounts / Finance,Accounts - CPD,CPD Business,C11,JACPL,Haryana,Gurugram,Gurugram,M,02-Jun-67,"BCOM - 1988 - Chaudhary Charan Singh Unvrsty , 12TH - 1985 -  ,",0,34.69,34.69,,14-Jul-89,Commercial Head - CPD,12A1,12A,80005030,16008181,Umesh Sharma,Umesh.Sharma2@jubl.com,10015275,Priyavrat Bhartia,80030436,Priyavrat.Bhartia@jubl.com,,A+,M,14-Jul-89,,pc.tanwar@jubl.com,sanma,9810572304,1294106907,5765655676,DGFF,DDFGD
16001235,HARSHIT yadav,C10,Jubilant Industries Limited,JIL,Industries,80004699,Mr,FISRT NAME,MIDDLE NAME,LAST NAME,Active,825,825-CPD Adhesive - Trading,I75,I75 - CPD-FA-HO(CMN),DM0400,Accounts / Finance,Accounts - CPD,CPD Business,C11,JACPL,Haryana,Gurugram,Gurugram,M,02-Jun-67,"BCOM - 1988 - Chaudhary Charan Singh Unvrsty , 12TH - 1985 -  ,",0,34.69,34.69,,14-Jul-89,Commercial Head - CPD,12A1,12A,80005030,16008181,Umesh Sharma,Umesh.Sharma2@jubl.com,10015275,Priyavrat Bhartia,80030436,Priyavrat.Bhartia@jubl.com,,A+,M,14-Jul-89,,pc.tanwar@jubl.com,sanma,9810572304,1294106907,5765655676,DGFF,DDFGD
16001236,UJJAWAL Bhavishya,C10,Jubilant Industries Limited,JIL,Industries,80004699,Mr,FISRT NAME,MIDDLE NAME,LAST NAME,Active,825,825-CPD Adhesive - Trading,I75,I75 - CPD-FA-HO(CMN),DM0400,Accounts / Finance,Accounts - CPD,CPD Business,C11,JACPL,Haryana,Gurugram,Gurugram,M,02-Jun-67,"BCOM - 1988 - Chaudhary Charan Singh Unvrsty , 12TH - 1985 -  ,",0,34.69,34.69,,14-Jul-89,Commercial Head - CPD,12A1,12A,80005030,16008181,Umesh Sharma,Umesh.Sharma2@jubl.com,10015275,Priyavrat Bhartia,80030436,Priyavrat.Bhartia@jubl.com,,A+,M,14-Jul-89,,pc.tanwar@jubl.com,sanma,9810572304,1294106907,5765655676,DGFF,DDFGD
16001237,MILAN,C10,Jubilant Industries Limited,JIL,Industries,80004699,Mr,FISRT NAME,MIDDLE NAME,LAST NAME,Active,825,825-CPD Adhesive - Trading,I75,I75 - CPD-FA-HO(CMN),DM0400,Accounts / Finance,Accounts - CPD,CPD Business,C11,JACPL,Haryana,Gurugram,Gurugram,M,02-Jun-67,"BCOM - 1988 - Chaudhary Charan Singh Unvrsty , 12TH - 1985 -  ,",0,34.69,34.69,,14-Jul-89,Commercial Head - CPD,12A1,12A,80005030,16008181,Umesh Sharma,Umesh.Sharma2@jubl.com,10015275,Priyavrat Bhartia,80030436,Priyavrat.Bhartia@jubl.com,,A+,M,14-Jul-89,,pc.tanwar@jubl.com,sanma,9810572304,1294106907,5765655676,DGFF,DDFGD
16001238,AMAN,C10,Jubilant Industries Limited,JIL,Industries,80004699,Mr,FISRT NAME,MIDDLE NAME,LAST NAME,Active,825,825-CPD Adhesive - Trading,I75,I75 - CPD-FA-HO(CMN),DM0400,Accounts / Finance,Accounts - CPD,CPD Business,C11,JACPL,Haryana,Gurugram,Gurugram,M,02-Jun-67,"BCOM - 1988 - Chaudhary Charan Singh Unvrsty , 12TH - 1985 -  ,",0,34.69,34.69,,14-Jul-89,Commercial Head - CPD,12A1,12A,80005030,16008181,Umesh Sharma,Umesh.Sharma2@jubl.com,10015275,Priyavrat Bhartia,80030436,Priyavrat.Bhartia@jubl.com,,A+,M,14-Jul-89,,pc.tanwar@jubl.com,sanma,9810572304,1294106907,5765655676,DGFF,DDFGD
16001239,HARSHIT,C10,Jubilant Industries Limited,JIL,Industries,80004699,Mr,FISRT NAME,MIDDLE NAME,LAST NAME,Active,825,825-CPD Adhesive - Trading,I75,I75 - CPD-FA-HO(CMN),DM0400,Accounts / Finance,Accounts - CPD,CPD Business,C11,JACPL,Haryana,Gurugram,Gurugram,M,02-Jun-67,"BCOM - 1988 - Chaudhary Charan Singh Unvrsty , 12TH - 1985 -  ,",0,34.69,34.69,,14-Jul-89,Commercial Head - CPD,12A1,12A,80005030,16008181,Umesh Sharma,Umesh.Sharma2@jubl.com,10015275,Priyavrat Bhartia,80030436,Priyavrat.Bhartia@jubl.com,,A+,M,14-Jul-89,,pc.tanwar@jubl.com,sanma,9810572304,1294106907,5765655676,DGFF,DDFGD
16001240,UJJAWAL,C10,Jubilant Industries Limited,JIL,Industries,80004699,Mr,FISRT NAME,MIDDLE NAME,LAST NAME,Active,825,825-CPD Adhesive - Trading,I75,I75 - CPD-FA-HO(CMN),DM0400,Accounts / Finance,Accounts - CPD,CPD Business,C11,JACPL,Haryana,Gurugram,Gurugram,M,02-Jun-67,"BCOM - 1988 - Chaudhary Charan Singh Unvrsty , 12TH - 1985 -  ,",0,34.69,34.69,,14-Jul-89,Commercial Head - CPD,12A1,12A,80005030,16008181,Umesh Sharma,Umesh.Sharma2@jubl.com,10015275,Priyavrat Bhartia,80030436,Priyavrat.Bhartia@jubl.com,,A+,M,14-Jul-89,,pc.tanwar@jubl.com,sanma,9810572304,1294106907,5765655676,DGFF,DDFGD
16001241,MILAN,C10,Jubilant Industries Limited,JIL,Industries,80004699,Mr,FISRT NAME,MIDDLE NAME,LAST NAME,Active,825,825-CPD Adhesive - Trading,I75,I75 - CPD-FA-HO(CMN),DM0400,Accounts / Finance,Accounts - CPD,CPD Business,C11,JACPL,Haryana,Gurugram,Gurugram,M,02-Jun-67,"BCOM - 1988 - Chaudhary Charan Singh Unvrsty , 12TH - 1985 -  ,",0,34.69,34.69,,14-Jul-89,Commercial Head - CPD,12A1,12A,80005030,16008181,Umesh Sharma,Umesh.Sharma2@jubl.com,10015275,Priyavrat Bhartia,80030436,Priyavrat.Bhartia@jubl.com,,A+,M,14-Jul-89,,pc.tanwar@jubl.com,sanma,9810572304,1294106907,5765655676,DGFF,DDFGD
16001242,AMAN,C10,Jubilant Industries Limited,JIL,Industries,80004699,Mr,FISRT NAME,MIDDLE NAME,LAST NAME,Active,825,825-CPD Adhesive - Trading,I75,I75 - CPD-FA-HO(CMN),DM0400,Accounts / Finance,Accounts - CPD,CPD Business,C11,JACPL,Haryana,Gurugram,Gurugram,M,02-Jun-67,"BCOM - 1988 - Chaudhary Charan Singh Unvrsty , 12TH - 1985 -  ,",0,34.69,34.69,,14-Jul-89,Commercial Head - CPD,12A1,12A,80005030,16008181,Umesh Sharma,Umesh.Sharma2@jubl.com,10015275,Priyavrat Bhartia,80030436,Priyavrat.Bhartia@jubl.com,,A+,M,14-Jul-89,,pc.tanwar@jubl.com,sanma,9810572304,1294106907,5765655676,DGFF,DDFGD
16001243,HARSHIT,C10,Jubilant Industries Limited,JIL,Industries,80004699,Mr,FISRT NAME,MIDDLE NAME,LAST NAME,Active,825,825-CPD Adhesive - Trading,I75,I75 - CPD-FA-HO(CMN),DM0400,Accounts / Finance,Accounts - CPD,CPD Business,C11,JACPL,Haryana,Gurugram,Gurugram,M,02-Jun-67,"BCOM - 1988 - Chaudhary Charan Singh Unvrsty , 12TH - 1985 -  ,",0,34.69,34.69,,14-Jul-89,Commercial Head - CPD,12A1,12A,80005030,16008181,Umesh Sharma,Umesh.Sharma2@jubl.com,10015275,Priyavrat Bhartia,80030436,Priyavrat.Bhartia@jubl.com,,A+,M,14-Jul-89,,pc.tanwar@jubl.com,sanma,9810572304,1294106907,5765655676,DGFF,DDFGD
16001244,UJJAWAL,C10,Jubilant Industries Limited,JIL,Industries,80004699,Mr,FISRT NAME,MIDDLE NAME,LAST NAME,Active,825,825-CPD Adhesive - Trading,I75,I75 - CPD-FA-HO(CMN),DM0400,Accounts / Finance,Accounts - CPD,CPD Business,C11,JACPL,Haryana,Gurugram,Gurugram,M,02-Jun-67,"BCOM - 1988 - Chaudhary Charan Singh Unvrsty , 12TH - 1985 -  ,",0,34.69,34.69,,14-Jul-89,Commercial Head - CPD,12A1,12A,80005030,16008181,Umesh Sharma,Umesh.Sharma2@jubl.com,10015275,Priyavrat Bhartia,80030436,Priyavrat.Bhartia@jubl.com,,A+,M,14-Jul-89,,pc.tanwar@jubl.com,sanma,9810572304,1294106907,5765655676,DGFF,DDFGD
16001245,MILAN,C10,Jubilant Industries Limited,JIL,Industries,80004699,Mr,FISRT NAME,MIDDLE NAME,LAST NAME,Active,825,825-CPD Adhesive - Trading,I75,I75 - CPD-FA-HO(CMN),DM0400,Accounts / Finance,Accounts - CPD,CPD Business,C11,JACPL,Haryana,Gurugram,Gurugram,M,02-Jun-67,"BCOM - 1988 - Chaudhary Charan Singh Unvrsty , 12TH - 1985 -  ,",0,34.69,34.69,,14-Jul-89,Commercial Head - CPD,12A1,12A,80005030,16008181,Umesh Sharma,Umesh.Sharma2@jubl.com,10015275,Priyavrat Bhartia,80030436,Priyavrat.Bhartia@jubl.com,,A+,M,14-Jul-89,,pc.tanwar@jubl.com,sanma,9810572304,1294106907,5765655676,DGFF,DDFGD
16001246,AMAN,C10,Jubilant Industries Limited,JIL,Industries,80004699,Mr,FISRT NAME,MIDDLE NAME,LAST NAME,Active,825,825-CPD Adhesive - Trading,I75,I75 - CPD-FA-HO(CMN),DM0400,Accounts / Finance,Accounts - CPD,CPD Business,C11,JACPL,Haryana,Gurugram,Gurugram,M,02-Jun-67,"BCOM - 1988 - Chaudhary Charan Singh Unvrsty , 12TH - 1985 -  ,",0,34.69,34.69,,14-Jul-89,Commercial Head - CPD,12A1,12A,80005030,16008181,Umesh Sharma,Umesh.Sharma2@jubl.com,10015275,Priyavrat Bhartia,80030436,Priyavrat.Bhartia@jubl.com,,A+,M,14-Jul-89,,pc.tanwar@jubl.com,sanma,9810572304,1294106907,5765655676,DGFF,DDFGD
16001247,HARSHIT,C10,Jubilant Industries Limited,JIL,Industries,80004699,Mr,FISRT NAME,MIDDLE NAME,LAST NAME,Active,825,825-CPD Adhesive - Trading,I75,I75 - CPD-FA-HO(CMN),DM0400,Accounts / Finance,Accounts - CPD,CPD Business,C11,JACPL,Haryana,Gurugram,Gurugram,M,02-Jun-67,"BCOM - 1988 - Chaudhary Charan Singh Unvrsty , 12TH - 1985 -  ,",0,34.69,34.69,,14-Jul-89,Commercial Head - CPD,12A1,12A,80005030,16008181,Umesh Sharma,Umesh.Sharma2@jubl.com,10015275,Priyavrat Bhartia,80030436,Priyavrat.Bhartia@jubl.com,,A+,M,14-Jul-89,,pc.tanwar@jubl.com,sanma,9810572304,1294106907,5765655676,DGFF,DDFGD
16001248,UJJAWAL,C10,Jubilant Industries Limited,JIL,Industries,80004699,Mr,FISRT NAME,MIDDLE NAME,LAST NAME,Active,825,825-CPD Adhesive - Trading,I75,I75 - CPD-FA-HO(CMN),DM0400,Accounts / Finance,Accounts - CPD,CPD Business,C11,JACPL,Haryana,Gurugram,Gurugram,M,02-Jun-67,"BCOM - 1988 - Chaudhary Charan Singh Unvrsty , 12TH - 1985 -  ,",0,34.69,34.69,,14-Jul-89,Commercial Head - CPD,12A1,12A,80005030,16008181,Umesh Sharma,Umesh.Sharma2@jubl.com,10015275,Priyavrat Bhartia,80030436,Priyavrat.Bhartia@jubl.com,,A+,M,14-Jul-89,,pc.tanwar@jubl.com,sanma,9810572304,1294106907,5765655676,DGFF,DDFGD
16001249,PRAUJJAWAL,C10,Jubilant Industries Limited,JIL,Industries,80004699,Mr,FISRT NAME,MIDDLE NAME,LAST NAME,Active,825,825-CPD Adhesive - Trading,I75,I75 - CPD-FA-HO(CMN),DM0400,Accounts / Finance,Accounts - CPD,CPD Business,C11,JACPL,Haryana,Gurugram,Gurugram,M,02-Jun-67,"BCOM - 1988 - Chaudhary Charan Singh Unvrsty , 12TH - 1985 -  ,",0,34.69,34.69,,14-Jul-89,Commercial Head - CPD,12A1,12A,80005030,16008181,Umesh Sharma,Umesh.Sharma2@jubl.com,10015275,Priyavrat Bhartia,80030436,Priyavrat.Bhartia@jubl.com,,A+,M,14-Jul-89,,pc.tanwar@jubl.com,sanma,9810572304,1294106907,5765655676,DGFF,DDFGD
16001250,PRAUJJAWAL,C10,Jubilant Industries Limited,JIL,Industries,80004699,Mr,FISRT NAME,MIDDLE NAME,LAST NAME,Active,825,825-CPD Adhesive - Trading,I75,I75 - CPD-FA-HO(CMN),DM0400,Accounts / Finance,Accounts - CPD,CPD Business,C11,JACPL,Haryana,Gurugram,Gurugram,M,02-Jun-67,"BCOM - 1988 - Chaudhary Charan Singh Unvrsty , 12TH - 1985 -  ,",0,34.69,34.69,,14-Jul-89,Commercial Head - CPD,12A1,12A,80005030,16008181,Umesh Sharma,Umesh.Sharma2@jubl.com,10015275,Priyavrat Bhartia,80030436,Priyavrat.Bhartia@jubl.com,,A+,M,14-Jul-89,,pc.tanwar@jubl.com,sanma,9810572304,1294106907,5765655676,DGFF,DDFGD
